NR,EXPERIMENTAL,ACC,RT,TIME,LEVEL,REVERSAL,REVERSAL_COUNT
1,0,-1,2.1475299710000115,10,3,0,0
2,0,1,0.8737551019999898,10,3,0,0
